K0B	718	1242
K0C	706	1265
K0E	711	1249
K0G	706	1245
K0H	748	1263
K0J	704	1252
K0K	760	1280
K0L	781	1316
K0M	780	1317
K1A	1193	2445
K1B	996	1574
K1C	867	1451
K1E	861	1435
K1G	1016	1616
K1H	909	1496
K1J	1006	1609
K1K	1050	1661
K1L	1108	1712
K1M	966	1624
K1N	1106	1733
K1R	1031	1640
K1S	967	1595
K1T	1061	1699
K1V	1040	1669
K1W	985	1643
K1X	1068	1785
K1Y	917	1522
K1Z	990	1585
K2A	889	1493
K2B	1048	1634
K2C	1023	1615
K2E	957	1559
K2G	968	1569
K2H	912	1493
K2J	1038	1685
K2K	852	1452
K2L	845	1404
K2M	891	1485
K2P	1029	1647
K2R	880	1568
K2S	822	1450
K2T	918	1558
K2V	1015	1697
K2W	896	1523
K4A	925	1546
K4B	730	1282
K4C	752	1367
K4K	789	1406
K4M	821	1500
K4P	779	1415
K4R	763	1349
K6A	757	1290
K6H	812	1408
K6J	785	1354
K6K	762	1367
K6T	634	1240
K6V	728	1278
K7A	741	1295
K7C	760	1343
K7G	718	1247
K7H	688	1232
K7K	873	1409
K7L	828	1370
K7M	818	1351
K7N	817	1341
K7P	821	1380
K7R	775	1318
K7S	739	1314
K7V	700	1229
K8A	749	1310
K8B	690	1328
K8H	829	1490
K8N	814	1373
K8P	888	1427
K8R	796	1335
K8V	823	1360
K9A	803	1341
K9H	877	1408
K9J	857	1398
K9K	852	1435
K9L	838	1376
K9V	835	1390
L0A	820	1376
L0B	952	1510
L0C	951	1516
L0E	1036	1592
L0G	1140	1769
L0H	1287	1712
L0J	1404	2254
L0K	885	1446
L0L	955	1564
L0M	998	1606
L0N	992	1582
L0P	1095	1757
L0R	1028	1597
L0S	877	1420
L1A	831	1368
L1B	963	1510
L1C	1102	1675
L1E	1105	1673
L1G	1286	1839
L1H	1343	1885
L1J	1328	1880
L1K	1339	1962
L1L	1613	2334
L1M	1160	1789
L1N	1257	1820
L1P	1349	1997
L1R	1295	1897
L1S	1377	1919
L1T	1515	2146
L1V	1336	1919
L1W	1339	1923
L1X	1458	2138
L1Y	1188	1830
L1Z	1570	2245
L2A	987	1520
L2E	1141	1688
L2G	1134	1716
L2H	1093	1696
L2J	966	1497
L2M	965	1453
L2N	928	1426
L2P	1051	1586
L2R	1064	1601
L2S	992	1539
L2T	1100	1660
L2V	1120	1701
L2W	971	1560
L3B	1009	1534
L3C	932	1457
L3J	972	1535
L3K	868	1357
L3L	1609	2680
L3M	958	1511
L3P	1271	1835
L3R	1418	2062
L3S	1707	2425
L3T	1415	2105
L3V	918	1490
L3W	1073	1703
L3X	1287	1943
L3Y	1201	1783
L3Z	1252	1909
L4A	1219	1844
L4C	1535	2253
L4E	1502	2241
L4G	1249	1913
L4H	1550	2323
L4J	1478	2229
L4K	1763	2593
L4L	1464	2166
L4M	1231	1881
L4N	1188	1820
L4P	1130	1731
L4R	886	1464
L4S	1463	2153
L4T	2163	2938
L4V	2440	3470
L4W	1393	2004
L4X	1668	2313
L4Y	1480	2077
L4Z	1613	2293
L5A	1693	2355
L5B	1808	2518
L5C	1594	2218
L5E	1393	2001
L5G	1369	2063
L5H	1250	1973
L5J	1293	1907
L5K	1379	1984
L5L	1404	2030
L5M	1559	2252
L5N	1468	2101
L5P	1553	2226
L5R	1673	2371
L5S	2111	3266
L5T	1690	2557
L5V	1695	2399
L5W	1747	2552
L6A	1539	2294
L6B	1524	2188
L6C	1372	2056
L6E	1443	2060
L6G	1742	2576
L6H	1212	1890
L6J	1083	1794
L6K	1234	1913
L6L	1056	1712
L6M	1179	1851
L6P	2106	3060
L6R	2215	3042
L6S	1929	2622
L6T	2120	2849
L6V	2100	2804
L6W	1742	2434
L6X	2125	2957
L6Y	1987	2827
L6Z	1843	2592
L7A	2213	3094
L7B	1332	2152
L7C	1564	2362
L7E	1275	1929
L7G	1067	1657
L7J	1023	1605
L7K	1131	1797
L7L	1011	1585
L7M	1008	1593
L7N	1013	1601
L7P	1004	1565
L7R	1083	1670
L7S	1020	1576
L7T	1026	1612
L8B	1037	1645
L8E	1255	1880
L8G	1165	1724
L8H	1401	1964
L8J	1236	1892
L8K	1295	1859
L8L	1559	2148
L8M	1416	1987
L8N	1502	2159
L8P	1388	2016
L8R	1519	2130
L8S	1322	1911
L8T	1272	1876
L8V	1372	1962
L8W	1355	1977
L9A	1402	2000
L9B	1222	1859
L9C	1278	1874
L9E	1444	2202
L9G	1067	1719
L9H	995	1546
L9J	1545	2387
L9K	1249	1923
L9L	918	1486
L9M	869	1438
L9N	1222	1919
L9P	965	1576
L9R	1135	1759
L9S	1159	1806
L9T	1273	1916
L9V	1037	1668
L9W	1113	1746
L9X	971	1670
L9Y	830	1495
L9Z	898	1470
M1B	1920	2578
M1C	1406	2015
M1E	1719	2312
M1G	1994	2657
M1H	1935	2614
M1J	2071	2723
M1K	1946	2561
M1L	1819	2451
M1M	1583	2181
M1N	1463	2051
M1P	1858	2520
M1R	1751	2375
M1S	1759	2404
M1T	1767	2395
M1V	1709	2330
M1W	1635	2228
M1X	1882	2592
M2H	1528	2193
M2J	1719	2420
M2K	1566	2368
M2L	1490	2377
M2M	1656	2449
M2N	1624	2394
M2P	1475	2362
M2R	1711	2470
M3A	1589	2250
M3B	1368	2169
M3C	1654	2329
M3H	1651	2454
M3J	2061	2768
M3K	1866	2621
M3L	1950	2666
M3M	1961	2629
M3N	2218	2933
M4A	1626	2244
M4B	1534	2144
M4C	1490	2074
M4E	1332	1942
M4G	1191	1928
M4H	2012	2716
M4J	1297	1868
M4K	1329	1923
M4L	1315	1922
M4M	1398	2040
M4N	1233	2135
M4P	1444	2177
M4R	1247	2074
M4S	1314	2057
M4T	1213	2037
M4V	1282	2168
M4W	1246	2156
M4X	1721	2469
M4Y	1518	2249
M5A	1492	2228
M5B	1547	2272
M5C	1379	2172
M5E	1435	2198
M5G	1454	2252
M5H	1495	2714
M5J	1314	2036
M5K	1432	2179
M5L	1432	2179
M5M	1327	2237
M5N	1332	2208
M5P	1324	2235
M5R	1286	2074
M5S	1399	2162
M5T	1536	2194
M5W	1171	2200
M5X	1432	2179
M6A	1778	2530
M6B	1551	2339
M6C	1370	2144
M6E	1722	2348
M6G	1344	1973
M6H	1578	2180
M6J	1414	2029
M6K	1552	2202
M6L	1750	2489
M6M	1881	2531
M6N	1761	2393
M6P	1396	1973
M6R	1314	1917
M6S	1301	1926
M7A	1562	2264
M7R	1562	2264
M7Y	1341	1951
M8V	1480	2179
M8W	1334	1974
M8X	1227	1979
M8Y	1399	2070
M8Z	1348	2017
M9A	1428	2203
M9B	1381	2063
M9C	1396	1995
M9L	1956	2712
M9M	2085	2833
M9N	1854	2538
M9P	1461	2135
M9R	1638	2306
M9V	2172	2912
M9W	1902	2616
N0A	892	1442
N0B	924	1515
N0C	840	1441
N0E	850	1409
N0G	792	1400
N0H	728	1355
N0J	865	1426
N0K	866	1454
N0L	884	1477
N0M	850	1434
N0N	831	1414
N0P	869	1409
N0R	933	1536
N1A	842	1336
N1C	961	1528
N1E	1048	1605
N1G	1070	1656
N1H	1049	1594
N1K	1131	1713
N1L	1110	1744
N1M	896	1493
N1P	1166	1771
N1R	1105	1671
N1S	1056	1622
N1T	1171	1816
N2A	1128	1743
N2B	1081	1636
N2C	1360	1982
N2E	1231	1842
N2G	1293	1866
N2H	1157	1712
N2J	1131	1742
N2K	984	1586
N2L	1175	1780
N2M	1216	1788
N2N	1110	1671
N2P	1208	1889
N2R	1383	2107
N2T	1004	1601
N2V	1030	1634
N2Z	698	1352
N3A	853	1454
N3B	877	1458
N3C	1067	1645
N3E	1438	2188
N3H	1181	1780
N3L	969	1569
N3P	1013	1589
N3R	963	1518
N3S	1144	1724
N3T	1100	1738
N3V	1021	1661
N3W	1007	1603
N3Y	870	1417
N4B	876	1420
N4G	871	1454
N4K	766	1374
N4L	751	1343
N4N	743	1389
N4S	905	1468
N4T	1013	1685
N4V	993	1635
N4W	870	1510
N4X	874	1491
N4Z	898	1484
N5A	906	1473
N5C	903	1517
N5H	919	1493
N5L	834	1410
N5P	955	1513
N5R	953	1513
N5V	1349	1979
N5W	1261	1841
N5X	1132	1793
N5Y	1391	2050
N5Z	1343	1957
N6A	1319	2012
N6B	1420	2029
N6C	1188	1788
N6E	1346	1958
N6G	1205	1898
N6H	1169	1815
N6J	1208	1802
N6K	1036	1695
N6L	1438	2215
N6M	1412	2131
N6N	1149	1771
N6P	1088	1814
N7A	800	1381
N7G	868	1437
N7L	942	1477
N7M	922	1464
N7S	876	1471
N7T	931	1470
N7V	834	1370
N7W	756	1297
N7X	776	1355
N8A	942	1459
N8H	1027	1596
N8L	1064	1713
N8M	989	1574
N8N	997	1620
N8P	1108	1775
N8R	1182	1817
N8S	1117	1698
N8T	1292	1908
N8V	1131	1670
N8W	1206	1803
N8X	1416	2034
N8Y	1310	1927
N9A	1634	2287
N9B	1642	2299
N9C	1516	2129
N9E	1089	1682
N9G	1143	1777
N9H	1054	1743
N9J	1034	1649
N9K	1017	1658
N9V	987	1592
N9Y	951	1516
P0A	766	1324
P0B	822	1490
P0C	804	1448
P0E	818	1387
P0G	819	1465
P0H	737	1337
P0J	760	1405
P0K	797	1397
P0L	798	1458
P0M	799	1430
P0N	823	1544
P0P	797	1482
P0R	788	1384
P0S	772	1407
P0T	710	1391
P0V	737	1553
P0W	659	1357
P0X	743	1578
P0Y	705	1472
P1A	805	1434
P1B	808	1451
P1C	736	1430
P1H	795	1451
P1L	825	1440
P1P	852	1461
P2A	808	1454
P2B	770	1405
P2N	828	1489
P3A	931	1590
P3B	977	1657
P3C	1057	1708
P3E	866	1516
P3G	777	1397
P3L	851	1493
P3N	800	1434
P3P	801	1449
P3Y	819	1493
P4N	889	1613
P4P	849	1593
P4R	792	1531
P5A	810	1412
P5E	785	1399
P5N	762	1401
P6A	794	1434
P6B	824	1457
P6C	807	1402
P7A	823	1442
P7B	905	1595
P7C	860	1528
P7E	854	1487
P7G	745	1375
P7J	754	1432
P7K	734	1369
P7L	753	1347
P8N	655	1370
P8T	748	1645
P9A	693	1422
P9N	712	1443